{
  "project_info": {
    "project_number": "897409301034",
    "firebase_url": "https://luxvista-965a6-default-rtdb.firebaseio.com",
    "project_id": "luxvista-965a6",
    "storage_bucket": "luxvista-965a6.firebasestorage.app"
  },
  "client": [
    {
      "client_info": {
        "mobilesdk_app_id": "1:897409301034:android:4352eafbf2df5285c3e153",
        "android_client_info": {
          "package_name": "com.example.myapplication"
        }
      },
      "oauth_client": [],
      "api_key": [
        {
          "current_key": "AIzaSyDDHV-DTg7UZL4shLRpUc4ZKfNfd6l6e3I"
        }
      ],
      "services": {
        "appinvite_service": {
          "other_platform_oauth_client": []
        }
      }
    }
  ],
  "configuration_version": "1"
}